1,Gloves Touchscreen Compatible,Clothing,599,120,T,0.15,0
2,Wi-Fi Range Extender,Electronics,1499,80,T,0.15,0
3,Q-Tips Safety Swabs 500ct,Beauty,799,100,T,0.15,0
4,Vibration Plate Whole Body,Sports,999,60,T,0.15,0
5,Clothes Drying Rack Foldable,Home,1199,90,T,0.15,0
6,Binding Machine Comb 300 Sheet,Office,2299,45,T,0.15,0
7,Car Cover Waterproof,Automotive,649,110,T,0.15,0
8,Digital Alarm Clock Radio,Home,2499,35,T,0.15,0
9,Brush Pen Calligraphy Black,Office,199,200,T,0.15,0
10,Exfoliating Scrub Walnut,Beauty,499,150,T,0.15,0
11,Speakerphone Bluetooth Conference,Office,899,50,T,0.15,0
12,Portable Power Bank 20000mAh,Electronics,1399,70,T,0.15,0
13,Knuffle Bunny Free,Books,749,130,T,0.15,0
14,Lat Pulldown Bar,Sports,449,100,D,0,0.1
15,Photo Album 4x6 200 Pockets,Office,299,150,D,0,0.15
16,Marker Fine Point Black 12pk,Office,149,180,D,0,0.1
17,Markers Washable Broad Line,Toys,549,75,D,0,0.12
18,Wall Mounted Planter 2 Piece,Garden,249,120,D,0,0.1
19,Tail Light LED Black,Automotive,159,200,D,0,0.08
20,Kinetic Sand 2lb,Toys,279,100,D,0,0.15
21,Daring Greatly Brené Brown,Books,399,85,D,0,0.1
22,Callus Remover Electric Roller,Beauty,189,140,D,0,0.12
23,"Peat Pots 3"" 50ct",Garden,229,110,D,0,0.1
24,Weeder Long Handle,Garden,349,80,D,0,0.15
25,Graphing Calculator,Electronics,699,60,D,0,0.2
26,Armband Phone Case,Sports,199,120,D,0,0.1
27,Jump Starter 2000A,Automotive,129,250,T,0.15,0
28,Fake Tan Remover Eraser,Beauty,109,250,T,0.15,0
29,Parking Brake Handle,Automotive,99,200,T,0.15,0
30,Transplanting Spade,Garden,179,150,T,0.15,0
31,Treadmill Folding 2.5HP,Sports,79,120,T,0.15,0
32,Copper Fungicide 16oz,Garden,59,170,D,0,0.05
33,Badge Holder Vertical 10ct,Office,89,190,D,0,0.08
34,Cuticle Pusher Stainless,Beauty,45,220,D,0,0.05
35,Hot Sauce Habanero,Perishables,69,140,S,0,0
36,Butterfly Feeder Glass,Garden,79,160,D,0,0.12
37,"Lanyard Black 36"" 12ct",Office,259,90,D,0,0.15
38,Hedge Shears Wavy Blade,Garden,399,70,D,0,0.1
39,Wastebasket Stainless Steel,Home,289,110,D,0,0.08
40,Notebook College Ruled 100 Sheets,Office,329,85,T,0.15,0
41,Trench Coat Double Breasted,Clothing,1599,20,D,0,0.08
42,Tool Belt Toy Plastic,Toys,717,115,T,0.15,0
43,Fake Smartphone Touchscreen,Toys,1639,232,D,0,0.12
44,"Globe Illuminated 12""",Toys,1566,191,D,0,0.11
45,Multimeter Digital Auto-Ranging,Automotive,330,69,T,0.15,0
46,"Scotch Tape Magic 3/4"" x 1000""",Office,406,389,D,0,0.06
47,Garment Bag Suit Travel,Home,1696,291,D,0,0.09
48,Camping Chair Oversized,Sports,1590,377,D,0,0.05
49,Pumice Stone Natural,Beauty,422,204,D,0,0.18
50,Paper Shredder 12 Sheet Cross Cut,Office,373,37,D,0,0.08
51,Dinosaur Toy Roaring,Toys,875,402,D,0,0.02
52,Brake Fluid DOT 4,Automotive,1333,45,D,0,0.18
53,Triceps Rope Attachment,Sports,1689,394,D,0,0.03
54,Pogo Stick Adjustable,Toys,754,31,D,0,0.17
55,USB Flash Drive 128GB,Electronics,1138,69,T,0.15,0
56,Emergency Road Flares,Automotive,422,279,D,0,0.17
57,Garden Fork Pitch,Garden,766,322,D,0,0.1
58,Instant Pot Multi-Cooker,Home,529,286,D,0,0.14
59,Ride On Car Battery 6V,Toys,1835,42,D,0,0.17
60,Fitness Tracker Watch,Sports,1410,438,D,0,0.09
61,Camping Lantern Collapsible,Sports,1451,221,D,0,0.09
62,Fleece Jacket Half Zip,Clothing,687,11,D,0,0.13
63,Lint Roller Pet Hair 2-Pack,Home,1823,67,T,0.15,0
64,Pencil Skirt Stretch Wool,Clothing,113,86,D,0,0.14
65,Shovel Compact Emergency,Automotive,1747,408,T,0.15,0
66,Leader Wire 30lb,Sports,1946,246,T,0.15,0
67,"Raised Bed Kit 4'x4'x12""",Garden,1730,257,T,0.15,0
68,Blazer Slim Fit Charcoal,Clothing,579,16,D,0,0.06
69,The Ocean at End of Lane,Books,1628,282,T,0.15,0
70,Stamps Roll Forever 100ct,Office,980,72,D,0,0.02
71,Stapler Heavy Duty 20 Sheet,Office,1964,171,D,0,0.06
72,Dry Bag Roll Top 5L,Sports,1799,326,T,0.15,0
73,The Lost World Jurassic Park,Books,943,141,D,0,0.06
74,The Catcher in the Rye,Books,707,313,D,0,0.05
75,Stopwatch Lap Memory,Sports,1993,163,D,0,0.09
76,Canned Chickpeas 15oz,Perishables,837,198,S,0,0
77,Ratchet Straps 4 Pack,Automotive,163,172,D,0,0.05
78,Paprika Smoked,Perishables,599,293,S,0,0
79,Vanilla Extract Pure 4oz,Perishables,1196,94,S,0,0
80,Electronic Door Lock Keypad,Electronics,217,352,D,0,0.1
81,Harry Potter Order of Phoenix,Books,1004,122,D,0,0.02
82,"String Trimmer Electric 12""",Garden,1129,50,T,0.15,0
83,"Laptop Sleeve Neoprene 15.6""",Office,1043,417,T,0.15,0
84,Pencil Cup Mesh,Office,702,114,T,0.15,0
85,Trimmer for Beard,Beauty,368,301,T,0.15,0
86,Corduroy Bear,Books,1135,236,D,0,0.19
87,Silk Sleep Mask,Beauty,1352,266,T,0.15,0
88,Blades Utility 100ct,Office,1151,417,T,0.15,0
89,Foam Handle Grips,Sports,1230,274,T,0.15,0
90,Slippers Memory Foam Gray,Clothing,326,452,T,0.15,0
91,Guess How Much I Love You,Books,1911,71,D,0,0.04
92,Visitor Sign In Book,Office,588,359,T,0.15,0
93,"Chainsaw Mini 6"" Battery",Garden,119,338,D,0,0.09
94,Micellar Water Makeup Remover,Beauty,1302,196,D,0,0.1
95,Sleeping Pad Inflatable,Sports,629,311,T,0.15,0
96,Laundry Hamper Collapsible,Home,301,292,T,0.15,0
97,Ab Wheel Roller,Sports,690,460,T,0.15,0
98,Gaming Mechanical Keyboard RGB,Electronics,1979,392,D,0,0.1
99,Fidget Spinner Rainbow,Toys,1452,314,D,0,0.14
100,Face Roller Jade,Beauty,406,55,T,0.15,0
101,Hanging File Folders 50ct,Office,616,433,T,0.15,0
102,Sriracha Hot Chili Sauce,Perishables,986,234,S,0,0
103,Dijon Mustard 8oz,Perishables,1122,242,S,0,0
104,Running Hat UV Protection,Sports,450,28,D,0,0.16
105,Letter Opener Stainless,Office,443,316,T,0.15,0
106,Water Balloons Self Sealing,Toys,1512,260,T,0.15,0
107,Train Tracks Expansion Pack,Toys,343,358,T,0.15,0
108,"Backpack Laptop 15.6""",Clothing,1226,131,T,0.15,0
109,Mulch Film Black 3ft x 50ft,Garden,1412,223,T,0.15,0
110,Jeggings Pull-On Black,Clothing,405,450,D,0,0.14
111,Projector Ceiling Mount,Office,1625,371,T,0.15,0
112,Knit Beanie Winter Hat,Clothing,889,146,D,0,0.13
113,Mass Air Flow Sensor,Automotive,463,130,D,0,0.16
114,Timeline Mass Market,Books,1229,32,T,0.15,0
115,Transmission Filter Kit,Automotive,219,425,T,0.15,0
116,T-Shirt Graphic Print,Clothing,585,421,D,0,0.08
117,Spinach Frozen Chopped,Perishables,710,123,S,0,0
118,Shock Absorber Gas,Automotive,1586,368,D,0,0.18
119,Desk Tray Metal Mesh,Office,1022,343,T,0.15,0
120,Curling Iron 1 Inch,Beauty,590,66,D,0,0.06
121,Tweezer Slant Tip,Beauty,372,292,T,0.15,0
122,Push Pins Steel 200ct,Office,791,178,D,0,0.11
123,The Snowy Day Caldecott,Books,583,330,D,0,0.04
124,Smart Robot Vacuum,Home,1224,171,T,0.15,0
125,Elephant and Piggie Complete,Books,1374,483,T,0.15,0
126,"Battle Rope 30ft 1.5""",Sports,220,247,T,0.15,0
127,Stability Ball 65cm,Sports,264,145,D,0,0.04
128,Garden Knife Hori Hori,Garden,1695,468,T,0.15,0
129,Room Spray Linen Fresh,Beauty,1610,45,T,0.15,0
130,God Emperor of Dune,Books,1347,26,D,0,0.02
131,Broom and Dustpan Set,Home,1747,218,T,0.15,0
132,"Label Tape White 1/2"" 26ft",Office,610,327,D,0,0.19
133,Wooden Puzzle 100 Pieces,Toys,418,69,D,0,0.15
134,Blackhead Remover Vacuum,Beauty,872,40,T,0.15,0
135,Steamer Handheld Garment,Home,392,295,D,0,0.11
136,Surf Wax Tropical,Sports,1594,445,T,0.15,0
137,Compass Orienteering,Sports,1759,196,T,0.15,0
138,"Trellis Folding 48""",Garden,994,342,D,0,0.19
139,Board Game Strategy,Toys,1503,462,T,0.15,0
140,Knee Pad Foam Pair,Garden,985,186,D,0,0.04
141,Project Folder with Pockets,Office,452,390,D,0,0.05
142,Activity Book Sticker,Toys,815,63,D,0,0.05
143,Garden Hoe Stirrup,Garden,1917,67,T,0.15,0
144,Wide Tooth Comb Shower,Beauty,1623,104,D,0,0.13
145,Soy Sauce Low Sodium,Perishables,1823,450,S,0,0
146,Oil Additive Stop Leak,Automotive,1586,251,D,0,0.05
147,"Cable Ties Reusable 8"" 20ct",Office,1210,113,D,0,0.05
148,Letter Tray Stackable 3 Tier,Office,1095,417,D,0,0.14
149,USB Sound Card Adapter,Electronics,142,51,D,0,0.09
150,Maus I & II Box Set,Books,2000,354,T,0.15,0
151,"Grafting Tape 1"" x 100ft",Garden,299,202,D,0,0.15
152,Fantastic Mr Fox,Books,1219,150,T,0.15,0
153,"Wall Calendar 12""x12"" 2026",Office,1712,191,D,0,0.19
154,Scooter Foldable LED Wheels,Toys,1979,224,T,0.15,0
155,The Day Crayons Quit,Books,1233,431,T,0.15,0
156,Chicken Breast Canned,Perishables,1436,317,S,0,0
157,Measuring Cups & Spoons Set,Home,1302,376,T,0.15,0
158,Cable Organizer Box,Home,1031,441,T,0.15,0
159,Paper Fasteners Brass 100ct,Office,807,21,T,0.15,0
160,Glue Tape Runner Permanent 33ft,Office,1274,100,D,0,0.19
161,Peas Frozen 1lb,Perishables,1323,328,S,0,0
162,Pull-Up Grip Attachments,Sports,1128,101,T,0.15,0
163,Fertilizer All Purpose 10-10-10 4lb,Garden,1261,29,T,0.15,0
164,Headset with Microphone USB,Office,1548,190,D,0,0.02
165,Lug Nuts Chrome 20pc,Automotive,679,149,T,0.15,0
166,USB Conference Microphone,Office,1240,312,T,0.15,0
167,Tie Rod End Outer,Automotive,535,381,D,0,0.08
168,The Giving Tree Hardback,Books,1180,323,T,0.15,0
169,Sweatpants Cuffed Ankle,Clothing,342,332,T,0.15,0
170,Report Covers Clear 50ct,Office,1690,417,T,0.15,0
171,Rosie Revere Engineer,Books,1092,277,T,0.15,0
172,Bow Rake 16 Tine,Garden,1067,261,T,0.15,0
173,Thinking Fast and Slow,Books,1436,339,T,0.15,0
174,The Very Hungry Caterpillar,Books,616,116,D,0,0.14
175,Flat Iron Ceramic Titanium,Beauty,1512,174,D,0,0.04
176,Ball Joint Upper,Automotive,543,414,D,0,0.15
177,Bookcase Ladder 5-Tier,Home,442,442,T,0.15,0
178,Yoga Mat Non-Slip 6mm,Sports,1179,369,T,0.15,0
179,Vest Knitted Button,Clothing,1260,353,T,0.15,0
180,Black Peppercorns Whole,Perishables,1302,32,S,0,0
181,Sapiens Brief History,Books,967,497,T,0.15,0
182,Glue Pen Precision Tip,Office,1157,140,D,0,0.15
183,Super Glue Single Use 10ct,Office,934,129,D,0,0.19
184,Toy Camera Digital,Toys,1546,390,D,0,0.06
185,Laptop Lock Combination,Office,1249,213,T,0.15,0
186,Parka Fur Hood,Clothing,804,486,D,0,0.2
187,Baseball Cap Black,Clothing,1676,376,T,0.15,0
188,Fossil Excavation Kit,Toys,297,15,T,0.15,0
189,Barbell 7ft Olympic,Sports,1965,238,D,0,0.09
190,Bobbers Red/White,Sports,1155,442,D,0,0.01
191,The Testaments Sequel,Books,1761,37,T,0.15,0
192,"Thermometer Compost 20""",Garden,1080,14,D,0,0.19
193,Plant Labels 100ct,Garden,1404,63,T,0.15,0
194,Beach Umbrella 7ft,Sports,1695,3,T,0.15,0
195,Hula Hoop Weighted,Toys,1405,250,T,0.15,0
196,Whole Wheat Bread Loaf,Perishables,905,248,S,0,0
197,HDMI Cable 6ft,Electronics,467,187,D,0,0.17
198,"Ruler Stainless Steel 12""",Office,347,174,T,0.15,0
199,Dash Cover Carpet,Automotive,150,231,D,0,0.19
200,Calculator Printing 12 Digit,Office,121,432,T,0.15,0
201,Paper Ream 20lb 500 Sheets,Office,213,188,D,0,0.16
202,Headstand Bench,Sports,1667,398,D,0,0.14
203,USB-C Hub Adapter,Electronics,145,479,T,0.15,0
204,Adjustable Dumbbells 50lb,Sports,1572,444,D,0,0.19
205,Whistle Survival,Sports,1920,180,T,0.15,0
206,Elliptical Cross Trainer,Sports,1725,148,T,0.15,0
207,Bronzer Matte Deep,Beauty,986,490,T,0.15,0
208,Pen Gel Retractable Blue 6pk,Office,605,204,D,0,0.14
209,Reed Diffuser Cinnamon & Vanilla,Beauty,544,356,D,0,0.12
210,Laptop Backpack Waterproof,Office,1651,443,T,0.15,0
211,Leaf Rake Adjustable,Garden,1963,314,D,0,0.18
212,Organic Quinoa 2lb,Perishables,1722,490,S,0,0
213,Mixing Bowls Stainless Steel,Home,145,420,D,0,0.05
214,Brake Rotor Drilled,Automotive,1482,18,D,0,0.19
215,Jack Floor 3 Ton,Automotive,1041,325,T,0.15,0
216,Presentation Binder 4 D-Ring,Office,1141,72,D,0,0.11
217,Bath Toy Submarine,Toys,1292,54,T,0.15,0
218,Sprayer Pump Pressure 1 Gallon,Garden,1544,76,T,0.15,0
219,"Comb Binding Spines 1/2"" 50ct",Office,549,368,D,0,0.05
220,Ada Twist Scientist,Books,282,112,D,0,0.07
221,Differential Oil 75W-90,Automotive,1617,413,T,0.15,0
223,Landline Telephone with Caller ID,Electronics,701,256,T,0.15,0
224,Jump Rope Plastic Beaded,Toys,841,270,T,0.15,0
225,Docking Station for Laptop,Electronics,140,396,T,0.15,0
226,Factfulness Illustrated,Books,672,182,D,0,0.04
227,Waist Trimmer Belt Neoprene,Beauty,1851,406,D,0,0.08
228,Boxer Briefs Cotton 3-Pack,Clothing,825,178,D,0,0.02
229,Fitness Smart Band,Electronics,1376,88,T,0.15,0
230,Parking Sensor System,Automotive,1968,453,T,0.15,0
231,Weightlifting Belt Leather,Sports,731,176,T,0.15,0
232,Sphere Reissue,Books,1059,151,T,0.15,0
233,Desk Drawer Locking,Office,1194,171,D,0,0.16
234,Cordless Phone with Answering Machine,Electronics,1925,226,D,0,0.07
235,Minced Garlic Jar 8oz,Perishables,974,81,S,0,0
236,Ball Pit Balls 100ct,Toys,702,129,T,0.15,0
237,"Binder 2"" D-Ring with Pockets",Office,547,461,D,0,0.16
238,Hair Spray Strong Hold,Beauty,1600,89,D,0,0.18
239,Romper Denim Short,Clothing,300,240,D,0,0.08
240,Knife Block Magnetic,Home,205,313,T,0.15,0
241,War and Peace Box Set,Books,796,310,T,0.15,0
242,Wax Warmer Kit with Beans,Beauty,195,213,T,0.15,0
243,Balance Bike No Pedals,Toys,1543,255,T,0.15,0
244,Activity Cube Bead Maze,Toys,1874,153,T,0.15,0
245,Yoga Wheel Back Stretch,Sports,1796,64,T,0.15,0
246,Nail Scissors Curved,Beauty,1897,102,T,0.15,0
247,Rod Case Telescopic,Sports,1898,385,D,0,0.07
248,Lead Holder 2mm with Sharpener,Office,540,462,T,0.15,0
249,Transmission Fluid 1 Quart,Automotive,1858,472,D,0,0.18
250,Calorie Counter Digital,Sports,808,125,T,0.15,0
251,Head Gasket Multi-Layer,Automotive,487,11,D,0,0.12
252,Fire Starter Ferro Rod,Sports,1720,475,T,0.15,0
253,"Heating Mat Seedling 10""x20""",Garden,1171,445,D,0,0.1
254,Lash Glue Latex Free,Beauty,546,151,D,0,0.11
255,Pruning Sealer 8oz,Garden,823,333,T,0.15,0
256,Mini Drone with Camera,Electronics,1445,356,T,0.15,0
257,Kickboard Training Foam,Sports,1986,279,D,0,0.09
258,KVM Switch 2 Port USB,Office,847,44,T,0.15,0
259,Oil Filter Spin-On,Automotive,1585,460,T,0.15,0
260,"TV Mount Fixed Low Profile 32-70""",Office,116,180,T,0.15,0
261,Pliers Set 5pc,Automotive,1307,195,T,0.15,0
262,Ignition Coil Pack,Automotive,1021,344,D,0,0.02
263,Stone Soup Folk Tale,Books,118,39,D,0,0.17
264,Toilet Brush Holder Set,Home,1983,360,T,0.15,0
265,Dip Pen Nib Set 5pc,Office,1888,162,T,0.15,0
266,"Urn Planter Classic 18""",Garden,1051,130,T,0.15,0
267,Ground Cinnamon 2oz,Perishables,1285,173,S,0,0
268,Blazer Stretch Fit,Clothing,973,312,D,0,0.06
269,Compression Athletic Shirt,Clothing,724,367,T,0.15,0
270,Oatmeal Steel Cut 24oz,Perishables,1907,102,S,0,0
271,Glue Stick Permanent .28oz 12ct,Office,1506,163,T,0.15,0
272,Ironing Board Full Size,Home,584,379,D,0,0.04
273,Hand Mask Moisturizing,Beauty,1399,380,D,0,0.02
274,Boxing Gloves Leather 16oz,Sports,1121,151,D,0,0.09
275,Sheet Mask Hyaluronic Acid Set of 5,Beauty,584,360,T,0.15,0
276,Medicine Ball 10lb,Sports,1478,308,D,0,0.02
277,Water Gun Super Soaker,Toys,1704,37,T,0.15,0
278,The Hobbit Illustrated,Books,1562,177,T,0.15,0
279,Tuna Chunk Light in Water,Perishables,1528,52,S,0,0
280,Retractable Badge Reel 10ct,Office,1452,162,T,0.15,0
281,Trivet Cork Round,Home,1010,43,D,0,0.04
282,Angels and Demons Paperback,Books,204,217,T,0.15,0
283,Climbing Rope 15ft,Sports,1648,69,D,0,0.14
284,Tire Inflator Portable,Automotive,1666,249,T,0.15,0
285,"Decorative Mirror Round 24""",Home,1343,336,T,0.15,0
286,Fly Tying Vise,Sports,1821,259,D,0,0.14
287,"Drafting Tape 1/4"" 60yd",Office,1923,500,T,0.15,0
288,Tote Bag Canvas Reusable,Clothing,1516,379,D,0,0.02
289,Streaming Media Stick,Electronics,934,256,D,0,0.03
290,Brave New World Reissue,Books,669,357,D,0,0.14
291,Wall Art Canvas Abstract,Home,1161,287,D,0,0.08
292,Next Medical Thriller,Books,1626,172,T,0.15,0
293,Tunic Sweater Turtleneck,Clothing,554,429,D,0,0.18
294,Gua Sha Tool Rose Quartz,Beauty,561,441,T,0.15,0
295,Hooks Assorted Sizes,Sports,538,202,T,0.15,0
296,Rowing Machine Magnetic,Sports,1602,118,D,0,0.1
297,Blueberries for Sal,Books,607,199,T,0.15,0
298,Twist Ties Green 100ct,Garden,477,121,D,0,0.11
299,Microphone Stand Karaoke,Toys,741,15,T,0.15,0
300,"E-Reader 6"" Display",Electronics,1672,241,T,0.15,0
301,Body Scrub Sea Salt,Beauty,639,167,D,0,0.18
302,Tissue Box Cover Leather,Home,1905,260,T,0.15,0
303,Pop Fidget Sensory,Toys,504,239,D,0,0.05
304,American Gods Author's Preferred,Books,1631,175,D,0,0.12
305,White Out Pen Fine Point,Office,883,217,T,0.15,0
306,"Blackout Curtains 84"" Beige",Home,1985,6,D,0,0.16
307,Journal Leather Bound Lined,Office,657,398,T,0.15,0
308,Heeled Sandals Nude,Clothing,1489,38,T,0.15,0
309,Body Fat Caliper Skinfold,Sports,979,430,T,0.15,0
310,Dominoes Colorful 100pc,Toys,639,382,T,0.15,0
311,Dash Cam Front and Rear,Electronics,479,443,D,0,0.04
312,Sunglasses Polarized Aviator,Clothing,1097,55,D,0,0.07
313,Eggs Large Dozen,Perishables,424,157,S,0,0
314,Camp Stool Portable,Sports,1579,108,T,0.15,0
315,Click Clack Moo Cows Type,Books,838,486,D,0,0.02
316,Lawn Edger Manual Step,Garden,600,289,T,0.15,0
317,Strut Assembly Complete,Automotive,943,245,T,0.15,0
318,Fins Short Blade,Sports,1196,230,D,0,0.17
319,"Plush Teddy Bear 12""",Toys,315,133,D,0,0.1
320,Bluetooth FM Transmitter,Electronics,637,227,D,0,0.18
321,Electric Shaver Foil,Beauty,1170,152,T,0.15,0
322,Finger Paint Washable,Toys,816,295,D,0,0.02
323,"Felt Board 20""x30""",Office,598,386,T,0.15,0
324,Drip Irrigation Kit 50ft,Garden,1055,480,T,0.15,0
325,Pull-Up Bar Doorway,Sports,1657,210,D,0,0.16
326,Princess Dress with Tiara,Toys,1284,120,T,0.15,0
327,Tow Strap 30k lbs,Automotive,1697,101,D,0,0.1
328,Under Desk Foot Rest,Office,1770,338,D,0,0.1
329,Nail File Glass Crystal,Beauty,436,461,T,0.15,0
330,Homo Deus Future,Books,1913,155,D,0,0.17
331,The Martian Classroom Edition,Books,283,179,T,0.15,0
332,Alfredo Sauce 15oz,Perishables,1174,6,S,0,0
333,Peanut Butter Crunchy,Perishables,1907,481,S,0,0
334,Funnel Set 3pc,Automotive,1920,293,T,0.15,0
335,White Out Tape 4mm 20ft,Office,1580,43,T,0.15,0
336,"Loppers Compound Action 32""",Garden,335,149,T,0.15,0
337,Spray Adhesive Multipurpose 10oz,Office,901,79,D,0,0.19
338,Eyelash Curler Metal,Beauty,1879,47,D,0,0.04
339,Rubik's Cube Speed,Toys,452,282,T,0.15,0
340,Running Belt Phone Holder,Sports,1180,146,T,0.15,0
341,Liquid Glue School 4oz,Office,1835,269,T,0.15,0
342,Door Handle Chrome,Automotive,1657,147,T,0.15,0
343,Thermal Printer Labels 4x6 500ct,Office,1033,1,D,0,0.1
344,Fire Engine Ladder,Toys,1122,337,D,0,0.16
345,Oil Drain Pan 15 Quart,Automotive,295,223,T,0.15,0
346,Neem Oil Cold Pressed 16oz,Garden,395,50,T,0.15,0
347,Mattock Pick Combo,Garden,1305,31,T,0.15,0
348,Oxygen Sensor Upstream,Automotive,1682,408,T,0.15,0
349,Sticker Pad Animal,Toys,210,108,T,0.15,0
350,Stake Bamboo 4ft 10pk,Garden,652,207,D,0,0.04
351,Black Beans Organic 15oz,Perishables,261,447,S,0,0
352,Fishing Vest Mesh,Sports,849,296,T,0.15,0
353,"Plant Support Cage Tomato 18""",Garden,936,120,D,0,0.11
354,Squishy Toy Stress Relief,Toys,803,120,T,0.15,0
355,Pavilion Anchor Kit 4pc,Garden,1769,10,T,0.15,0
356,Monitor Stand Riser,Office,205,38,T,0.15,0
357,Insect Repellent Spray,Sports,110,307,D,0,0.03
358,Video Doorbell,Electronics,1645,470,T,0.15,0
359,Face Mask Clay Detox,Beauty,1074,222,T,0.15,0
360,Compost Starter 2lb,Garden,1007,27,D,0,0.1
361,Triangle Set 30/60 & 45/90,Office,1533,230,T,0.15,0
362,Index Cards 3x5 Ruled 100ct,Office,942,230,T,0.15,0
363,Bermuda Shorts Khaki,Clothing,744,333,D,0,0.16
364,Dividers 5-Tab Write On,Office,492,81,T,0.15,0
365,Eraser Cap Pencil 36ct,Office,1967,252,T,0.15,0
366,Landscape Staples 50ct,Garden,1426,351,D,0,0.14
367,Train Set Electric,Toys,1673,229,T,0.15,0
368,Stamp Cleaner Spray 4oz,Office,693,461,D,0,0.04
369,Throttle Body Cleaner,Automotive,556,455,T,0.15,0
370,Swim Vest Floaties,Toys,876,180,D,0,0.16
371,Loofah Sponge Soft,Beauty,574,198,D,0,0.19
372,Power Strip Surge 6 Outlet 4ft,Office,1842,246,D,0,0.2
373,Water Table Activity,Toys,1079,273,D,0,0.12
374,Kite Delta Rainbow,Toys,661,212,D,0,0.16
375,Powerline Adapter Kit,Electronics,422,476,T,0.15,0
376,Sneakers Running White,Clothing,1726,229,T,0.15,0
377,Handheld Vacuum Cordless,Home,1585,118,D,0,0.13
378,Butter Unsalted Sticks,Perishables,1125,286,S,0,0
379,Smart Smoke Detector,Home,760,350,D,0,0.1
380,Make Way for Ducklings,Books,1832,129,T,0.15,0
381,Oregano Dried 1oz,Perishables,1973,350,S,0,0
382,Scrapbook 12x12 50 Pages,Office,990,259,D,0,0.05
383,False Lashes Wispy 5 Pair,Beauty,752,80,T,0.15,0
384,Boat Floating Battleship,Toys,910,400,D,0,0.18
385,Weight Bench Flat/Incline,Sports,1581,70,T,0.15,0
386,Bath Rug Chenille,Home,629,381,T,0.15,0
387,Good Omens TV Cover,Books,779,244,D,0,0.16
388,1984 Signet Classics,Books,132,66,T,0.15,0
389,Highlighter Chisel Tip Yellow 6pk,Office,277,15,D,0,0.06
390,Raincoat Hooded Yellow,Clothing,1905,417,T,0.15,0
391,Shoe Rack Stackable 3-Tier,Home,1002,226,D,0,0.17
392,Grass Shear Manual,Garden,1471,329,T,0.15,0
393,Pull Along Duck,Toys,618,261,T,0.15,0
394,"Window Box Fiberstone 24""",Garden,160,422,D,0,0.16
395,Punching Bag Heavy 100lb,Sports,393,307,D,0,0.17
396,Smart Plug Mini,Electronics,1513,207,T,0.15,0
397,"Wheel Spacer 1""",Automotive,295,315,D,0,0.16
398,Resistance Tube with Handles,Sports,791,313,T,0.15,0
399,Nail Art Dotting Tool,Beauty,762,125,D,0,0.07
400,Bath Salts Himalayan Pink,Beauty,1177,144,D,0,0.12
401,Fishing Pliers Split Ring,Sports,1236,279,D,0,0.17
402,Fountain Pen Ink Bottle 50ml,Office,1670,140,T,0.15,0
403,Setting Spray Matte Finish,Beauty,1392,286,T,0.15,0
404,Doll Stroller Pink,Toys,213,244,D,0,0.01
405,Cuticle Oil Almond,Beauty,1754,402,D,0,0.09
406,How to Be an Antiracist,Books,1497,224,T,0.15,0
407,Office Chair Ergonomic Mesh,Office,383,92,T,0.15,0
408,Fern Hanger Macrame 3 Tier,Garden,1770,191,D,0,0.04
409,Cable Machine Pulley,Sports,684,137,T,0.15,0
410,Between the World and Me,Books,757,380,T,0.15,0
411,Pizza Dough Refrigerated,Perishables,1318,78,S,0,0
412,Aftershave Balm Alcohol Free,Beauty,254,497,D,0,0.07
413,Swivels Ball Bearing,Sports,1611,46,T,0.15,0
414,"Standing Desk Adjustable Height 48""",Office,1332,259,T,0.15,0
415,Nail Buffer Block 3-Way,Beauty,470,477,D,0,0.16
416,"Shears Electrician's 10""",Office,1892,176,D,0,0.02
417,Hair Dryer Ionic 1875W,Beauty,188,456,T,0.15,0
418,Sour Cream 16oz,Perishables,237,178,S,0,0
419,Slug Bait Iron Phosphate 1lb,Garden,1799,105,D,0,0.19
420,Peeler Swivel Stainless,Home,935,46,D,0,0.07
421,Flip Chart Markers 8 Colors,Office,463,27,D,0,0.03
422,"T-Pins 1"" 50ct",Office,868,32,D,0,0.09
423,Coding Board Game,Toys,1144,255,T,0.15,0
424,Jeans Distressed Ripped,Clothing,1141,337,D,0,0.08
425,Peasant Top Embroidered,Clothing,888,297,T,0.15,0
426,Oil Drain Plug Magnetic,Automotive,1827,127,T,0.15,0
427,Shipping Label Roll 4x6 200ct,Office,1896,343,T,0.15,0
428,Calculator Scientific 240 Function,Office,257,300,T,0.15,0
429,Backpack Hydration Compatible,Sports,444,202,T,0.15,0
430,Permanent Marker Ultra Fine 6pk,Office,1875,186,T,0.15,0
431,Project Hail Mary Hardcover,Books,1354,489,D,0,0.15
432,Hair Ties Elastic 20ct,Beauty,105,232,D,0,0.15
433,Fishing Reel Baitcasting,Sports,1878,17,D,0,0.08
434,Pride and Prejudice Deluxe,Books,1300,471,D,0,0.11
435,Remote Control Car 1:16 Scale,Toys,1125,24,T,0.15,0
436,Ethernet Cable Cat7,Electronics,1376,110,T,0.15,0
437,Grease Gun with Cartridge,Automotive,246,18,D,0,0.11
438,Waders Breathable Bootfoot,Sports,1190,288,D,0,0.12
439,USB Hub Powered 7 Port,Office,1876,377,D,0,0.17
440,"Bulletin Board 36""x24"" Cork",Office,1365,3,T,0.15,0
441,Noise Isolating Earbuds,Electronics,471,461,T,0.15,0
442,Solar Pathway Lights 6pk,Garden,512,426,T,0.15,0
443,Cash Register with Scanner,Toys,1883,267,T,0.15,0
444,"Whisk Balloon 12""",Home,1201,156,T,0.15,0
445,Embossing Powder Clear 2oz,Office,523,221,T,0.15,0
446,Smart Scale Body Fat,Electronics,917,155,T,0.15,0
447,Mango Chunks Frozen,Perishables,1800,489,S,0,0
448,Wireless Presenter Remote,Office,1891,302,D,0,0.05
449,Garden Netting Insect 14ft x 14ft,Garden,813,2,T,0.15,0
450,Desk Organizer Pen Holder,Office,148,250,T,0.15,0
451,Sheath Protectors 50ct Plastic,Office,1082,37,D,0,0.18
452,"Hanging Basket Chain 12""",Garden,293,470,D,0,0.04
453,Lamp LED Touch Control,Home,220,439,D,0,0.14
454,Chili Powder 1.5oz,Perishables,1166,301,S,0,0
455,Vitamin C Serum 20%,Beauty,542,345,D,0,0.16
456,Hammer Tap Toy,Toys,1104,266,D,0,0.14
457,Sunglasses Polarized Sports,Sports,212,183,D,0,0.17
458,Dish Soap Pump 16oz,Home,1666,21,T,0.15,0
459,"Triangle 45° 8"" Clear",Office,1290,447,D,0,0.1
460,The Alchemist 25th,Books,240,81,D,0,0.12
461,Cellulite Massager Wooden,Beauty,857,294,D,0,0.19
462,Police Car Lights & Siren,Toys,191,458,D,0,0.11
463,Toenail Clipper Heavy Duty,Beauty,1598,256,D,0,0.11
464,Radiator Aluminum,Automotive,1278,261,T,0.15,0
465,Rocking Horse Plush,Toys,1233,357,D,0,0.13
466,"Messenger Bag Canvas 14""",Office,439,464,T,0.15,0
467,"Action Figure Superhero 6""",Toys,1740,105,D,0,0.14
468,Protein Shaker Bottle,Sports,284,71,D,0,0.03
469,Die Cutting Machine Manual,Office,487,289,D,0,0.17
470,Serpentine Belt 6PK,Automotive,1317,72,D,0,0.17
471,"Hedge Trimmer Cordless 22""",Garden,1243,352,D,0,0.13
472,Sulfur Granular 4lb,Garden,530,45,D,0,0.07
473,"T-Square Aluminum 18""",Office,1453,255,T,0.15,0
474,Shredder Lubricant Sheets 12ct,Office,190,404,D,0,0.1
475,Coil Spring Set,Automotive,1714,436,D,0,0.07
476,Bikini Top Triangle,Clothing,1148,417,T,0.15,0
477,Wonder Special Edition,Books,1588,374,T,0.15,0
478,Oh the Places You'll Go!,Books,1301,285,T,0.15,0
479,Leg Press Attachment,Sports,153,308,T,0.15,0
480,Helmet Kids Multi-Sport,Toys,1913,426,T,0.15,0
481,Facial Steamer Nano Ionic,Beauty,731,293,T,0.15,0
482,Stamp Dispenser Moistener,Office,679,207,T,0.15,0
483,Sprinkler Splash Pad,Toys,900,19,D,0,0.03
484,Origin Signed Edition,Books,387,157,D,0,0.18
485,Laptop Backpack with USB Port,Clothing,1498,189,T,0.15,0
486,Headband Athletic Sweat-Wicking,Clothing,1995,180,T,0.15,0
487,Slow Cooker 6 Quart,Home,1947,35,D,0,0.17
488,Wetsuit 3mm Full,Sports,275,306,D,0,0.07
489,Jurassic Park 30th Anniversary,Books,784,497,T,0.15,0
490,"Paddle Board Inflatable 10'6""",Sports,929,443,D,0,0.12
491,"Portable Monitor 15.6""",Electronics,110,184,D,0,0.04
492,Dried Lentils Red 1lb,Perishables,1771,18,S,0,0
493,"Shipping Tape 2"" 110yd",Office,1778,38,T,0.15,0
494,Whole Grain Pasta 16oz,Perishables,1005,103,S,0,0
495,Water Filter Straw,Sports,636,113,D,0,0.06
496,Push-Up Stands Grip,Sports,599,210,T,0.15,0
497,Fuel Additive Injector Cleaner,Automotive,998,208,T,0.15,0
498,Tablet Stand Holder,Electronics,1816,112,D,0,0.07
499,The Handmaid's Tale Modern Classic,Books,809,385,T,0.15,0
500,Baby Monitor Camera,Electronics,1573,217,T,0.15,0
501,Cotton Rounds 100ct,Beauty,1765,132,D,0,0.03
502,Rain Pants Breathable,Clothing,1383,14,T,0.15,0
503,Laptop Cooling Pad,Electronics,1604,379,D,0,0.02
504,Canister Set Airtight 4-Piece,Home,1035,132,D,0,0.06
505,Wrist Weights 2lb,Sports,1073,279,D,0,0.14
506,"Masking Tape 1"" 60yd",Office,367,425,D,0,0.14
507,Cottage Cheese 24oz,Perishables,690,266,S,0,0
508,Return of the King Collector's,Books,108,375,T,0.15,0
509,"Fiberglass Planter Modern 12""",Garden,815,90,D,0,0.13
510,Persepolis Complete,Books,878,47,T,0.15,0
511,White Fragility Paperback,Books,1941,488,D,0,0.04
512,Essential Oil Peppermint 10ml,Beauty,1033,316,D,0,0.06
513,Tanning Mitt Applicator,Beauty,1570,189,D,0,0.19
514,Drone with Altitude Hold,Toys,201,186,T,0.15,0
515,Jumpsuit Wide Leg Black,Clothing,539,387,D,0,0.03
516,Craft Knife Precision #11,Office,1322,485,T,0.15,0
517,Rock Tumbler Educational,Toys,671,387,D,0,0.03
518,"Cable Raceway 40"" 5 Channel",Office,428,444,T,0.15,0
519,Comforter All-Season King,Home,1397,241,T,0.15,0
520,Stacking Cups Nesting,Toys,1147,86,T,0.15,0
521,Picture Frame Collage 5x7,Home,1743,447,T,0.15,0
522,Fishing Rod Spinning 6ft,Sports,1559,9,T,0.15,0
523,Steam Mop Floor Cleaner,Home,670,348,T,0.15,0
524,Nail Polish Remover Acetone Free,Beauty,307,435,T,0.15,0
525,Dress Wrap Floral,Clothing,1163,77,D,0,0.08
526,Greenhouse Small Walk-In 4'x6',Garden,1729,458,T,0.15,0
527,The Lost Symbol Large Print,Books,1286,84,D,0,0.01
528,"Ceramic Planter Gloss White 8""",Garden,529,410,T,0.15,0
529,Tunnel Crawl 6ft,Toys,779,98,D,0,0.09
530,Postage Scale Digital 10lb,Office,453,348,D,0,0.09
531,"Plyo Box 20""x24""x30""",Sports,1076,408,T,0.15,0
532,EZ Curl Bar,Sports,949,499,D,0,0.08
533,Alternator 120 Amp,Automotive,513,71,D,0,0.15
534,Spark Plug Iridium 4-Pack,Automotive,1267,186,D,0,0.13
535,Liquid Lipstick Long Wear,Beauty,351,425,D,0,0.04
536,Cactus Mix Fast Draining 2qt,Garden,1232,286,T,0.15,0
537,Differential Cover Cast,Automotive,686,471,T,0.15,0
538,Jewelry Armoire Mirror,Home,257,437,D,0,0.09
539,"Trampoline 36"" Mini",Toys,1508,201,T,0.15,0
540,Tiered Plant Stand 3 Layer,Garden,310,338,D,0,0.18
541,Swim Goggles Anti-Fog,Sports,1942,113,D,0,0.18
542,Loafers Suede Blue,Clothing,1736,482,T,0.15,0
543,Fuel Pump Electric,Automotive,186,253,D,0,0.1
544,V-Neck Sweater Maroon,Clothing,1183,200,T,0.15,0
545,Microwave Oven 0.7 cu ft,Home,1746,79,T,0.15,0
546,Fog Light Kit Yellow,Automotive,106,442,T,0.15,0
547,Wrench Combination Metric,Automotive,750,424,D,0,0.09
548,Lila Greer Teacher of the Year,Books,1893,42,D,0,0.07
549,Dried Cranberries 8oz,Perishables,791,19,S,0,0
550,Protractor 180° Clear,Office,350,49,D,0,0.14
551,The Subtle Art of Not Giving a F*ck,Books,664,120,D,0,0.18
552,Wristband Terry Cloth,Clothing,457,420,T,0.15,0
553,Hair Clipper Kit,Beauty,1442,474,D,0,0.03
554,Henley Shirt Thermal,Clothing,1906,30,T,0.15,0
555,Garage Door Opener Remote,Automotive,1152,488,T,0.15,0
556,Cardigan Sweater Cable Knit,Clothing,1548,307,D,0,0.13
557,Alarm Clock Wooden Digital,Home,1848,47,T,0.15,0
558,Refrigerator Thermometer,Home,1076,58,T,0.15,0
559,Percale Duvet Cover White,Home,1230,2,T,0.15,0
560,Portable Safe Fireproof 0.5 cu ft,Office,1757,73,D,0,0.12
561,Hood Scoop Functional,Automotive,784,128,D,0,0.14
562,Kayak Paddle Aluminum,Sports,516,74,D,0,0.1
563,Desk Lamp LED Dimmable,Office,336,270,T,0.15,0
564,Towel Yoga Non-Slip,Sports,231,434,D,0,0.19
565,Orchid Pot Clear with Slots,Garden,1931,489,T,0.15,0
566,Hydrating Moisturizer Cream,Beauty,1697,236,T,0.15,0
567,Educated Memoir,Books,594,451,T,0.15,0
568,Thyme Dried 0.75oz,Perishables,1589,484,S,0,0
569,Heat Gun Embossing Tool,Office,1976,461,T,0.15,0
570,Agility Ladder 6m,Sports,1703,401,T,0.15,0
571,Brown Bear Brown Bear,Books,1032,157,T,0.15,0
572,The Four Agreements,Books,1131,117,D,0,0.18
573,Mattress Protector Waterproof,Home,1352,32,T,0.15,0
574,Matilda Roald Dahl,Books,491,208,T,0.15,0
575,Lip Mask Overnight,Beauty,1331,46,D,0,0.1
576,Pen Fountain Medium Nib,Office,341,225,T,0.15,0
577,Dry Erase Marker Fine Black 4pk,Office,1073,308,D,0,0.06
578,Armada Science Fiction,Books,1992,43,D,0,0.18
579,Spinosad Concentrate 8oz,Garden,1687,294,T,0.15,0
580,Briefcase Leather Combination Lock,Office,312,207,T,0.15,0
581,Prey Thriller,Books,1464,161,D,0,0.18
582,"Ink Pad Black 2""x3""",Office,625,413,T,0.15,0
583,Bee House Bamboo,Garden,631,134,D,0,0.04
584,Leather Boots Lace-Up,Clothing,1882,37,T,0.15,0
585,Bug Catcher Kit,Toys,396,374,D,0,0.11
586,Cheddar Cheese Sharp Block,Perishables,1895,202,S,0,0
587,Vest Puffer Quilted,Clothing,1030,275,T,0.15,0
588,Midi Dress Lace,Clothing,539,450,T,0.15,0
589,Potting Mix Organic 8qt,Garden,203,185,D,0,0.1
590,Lip Scrub Sugar Mint,Beauty,1123,431,T,0.15,0
591,Sinkers Pyramid 2oz,Sports,850,47,T,0.15,0
592,Potting Bench with Shelf,Garden,232,11,D,0,0.15
593,Puffer Jacket Olive Green,Clothing,1934,249,D,0,0.01
594,Dump Truck Friction,Toys,1054,388,D,0,0.03
595,Garden Cart Folding 150lb Capacity,Garden,1218,436,T,0.15,0
596,"Humidity Dome 10""x20""",Garden,1585,45,D,0,0.14
597,Rash Guard UPF 50,Sports,1643,299,D,0,0.08
598,Mozzarella Shredded 8oz,Perishables,1742,23,S,0,0
599,Snow Crash Deluxe,Books,1404,131,D,0,0.19
600,USB Desk Fan,Electronics,1742,456,D,0,0.14
601,Surfboard Leash 8ft,Sports,504,325,D,0,0.02
602,Shape Sorter Wood,Toys,1702,352,D,0,0.14
603,Fun Home Graphic Novel,Books,364,31,D,0,0.09
604,Ice Skates Figure,Toys,1288,430,D,0,0.01
605,Iggy Peck Architect,Books,1502,166,D,0,0.15
606,Magnetic Eraser for Whiteboard,Office,916,361,T,0.15,0
607,Brake Pads Ceramic Set,Automotive,1104,55,T,0.15,0
608,Home Theater Soundbar,Electronics,1202,138,D,0,0.07
609,Dune Messiah Paperback,Books,554,59,D,0,0.09
610,Chest Pack Fly Fishing,Sports,1801,266,D,0,0.14
611,Shirt Dress Button Down,Clothing,368,204,D,0,0.07
612,Plant Mister Glass 8oz,Garden,347,354,D,0,0.08
613,Pickles Dill Spears 24oz,Perishables,1927,406,S,0,0
614,Paracord 100ft,Sports,841,404,D,0,0.12
615,All-Purpose Cleaner Spray,Home,813,0,T,0.15,0
616,Spread Dethatcher Tow Behind,Garden,1435,414,D,0,0.08
617,Socks Ankle Cushioned 6-Pair,Clothing,1113,76,T,0.15,0
618,Tie Silk Striped,Clothing,1105,319,T,0.15,0
619,Xylophone Glockenspiel,Toys,194,251,T,0.15,0
620,Quiet Power of Introverts,Books,1353,447,T,0.15,0
621,Smart LED Bulb Color Changing,Electronics,1068,30,T,0.15,0
622,Pesticide Fogger Electric,Garden,1815,139,D,0,0.03
623,Airplane Pull Back,Toys,586,208,T,0.15,0
624,Inflatable Pool 8ft,Toys,1851,17,T,0.15,0
625,Oven Mitts Silicone Pair,Home,1332,247,D,0,0.14
626,Cycling Gloves Gel,Sports,409,3,D,0,0.01
627,Science Kit Chemistry,Toys,1152,92,T,0.15,0
628,Dollhouse Furniture 5 Rooms,Toys,813,381,T,0.15,0
629,Expanding File Jacket 13 Pocket,Office,838,224,D,0,0.07
630,Retinol Night Repair,Beauty,358,237,T,0.15,0
631,Chia Seeds Organic 12oz,Perishables,1534,104,S,0,0
632,Laser Toner Cartridge,Office,918,141,D,0,0.12
633,"Duct Tape Black 2"" x 30yd",Office,406,337,T,0.15,0
634,Lip Gloss Shimmer Pink,Beauty,374,353,D,0,0.05
635,"Easel Pad 25""x30"" 50 Sheets",Office,1442,343,D,0,0.11
636,Essential Oil Tea Tree 10ml,Beauty,202,67,D,0,0.18
637,Swim Cap Silicone,Sports,698,23,D,0,0.06
638,Push Toy Walker,Toys,1797,465,T,0.15,0
639,Digital Photo Frame,Electronics,125,321,T,0.15,0
640,Rice Cooker Digital,Home,169,147,D,0,0.16
641,Norse Mythology Neil Gaiman,Books,1228,410,D,0,0.15
642,"Desktop Planter Succulent 3""",Garden,466,493,T,0.15,0
643,"Hand Pruner Bypass 8""",Garden,1928,378,D,0,0.04
644,Bouncy Ball Assorted,Toys,1647,154,D,0,0.17
645,Neuromancer 40th Anniversary,Books,1224,128,D,0,0.15
646,Garden Gloves Nitrile Coated,Garden,1974,408,D,0,0.09
647,Baking Soda 1lb,Perishables,659,298,S,0,0
648,Shaving Cream Sensitive Skin,Beauty,1841,11,T,0.15,0
649,"Ruler Metal 24"" Non Slip",Office,195,168,D,0,0.03
650,Overdoor Hook Rack,Home,1263,169,T,0.15,0
651,Doll Fashion Accessories,Toys,769,328,T,0.15,0
652,Gym Chalk Ball,Sports,384,69,D,0,0.07
653,Window Visor Smoke,Automotive,536,469,T,0.15,0
654,Flats Pointed Toe Black,Clothing,962,336,D,0,0.04
655,Hat Box Round,Home,1550,128,D,0,0.11
656,Heretics of Dune,Books,736,349,T,0.15,0
657,Rowing Gloves Padded,Sports,1589,428,D,0,0.07
658,Fire Extinguisher 2.5lb,Automotive,1201,242,D,0,0.17
659,Bleaching Cream Facial,Beauty,1676,30,D,0,0.06
660,Cardigan Open Front Long,Clothing,1250,150,T,0.15,0
661,Nail Clipper Stainless Steel,Beauty,1561,361,D,0,0.12
662,Roller Skates Adjustable,Toys,460,182,D,0,0.18
663,Landing Net Rubber Mesh,Sports,730,157,D,0,0.09
664,Kitchen Scissors Multi-Purpose,Home,1065,35,T,0.15,0
665,Coolant Antifreeze 1 Gallon,Automotive,1332,268,D,0,0.02
666,Page Flags Arrow 100ct,Office,1112,351,D,0,0.15
667,Dip Bar Station,Sports,1099,377,T,0.15,0
668,The Chronicles of Narnia Box Set,Books,1361,161,D,0,0.13
669,Magnetic Push Pins 12ct,Office,1030,365,D,0,0.19
670,Mop Spin Microfiber,Home,771,139,T,0.15,0
671,Pillow Cooling Gel,Home,442,219,T,0.15,0
672,Aerator Manual Spike 2 Handle,Garden,275,331,D,0,0.05
673,Blood Pressure Monitor,Electronics,1756,334,D,0,0.1
674,Aaron Slater Illustrator,Books,176,365,D,0,0.17
675,ID Card Printer Ribbon,Office,1975,241,D,0,0.09
676,Turkey Sticks Protein Snack,Perishables,958,371,S,0,0
677,The Two Towers Leather Bound,Books,1101,293,D,0,0.14
678,Mayonnaise Real 30oz,Perishables,1874,251,S,0,0
679,Interactive Whiteboard Pen,Office,1127,122,T,0.15,0
680,Thermostat 195°F,Automotive,1419,373,D,0,0.17
681,Snow Chains Heavy Duty,Automotive,1316,144,D,0,0.16
682,Moby Dick Unabridged,Books,1000,499,D,0,0.19
683,Foundation Trilogy Box Set,Books,1318,88,D,0,0.13
684,Balance Board Wobble,Sports,834,47,D,0,0.01
685,Row Cover Frost Protection 10ft x 20ft,Garden,1980,427,T,0.15,0
686,Sandbox with Cover,Toys,1101,298,T,0.15,0
687,Bluetooth Portable Speaker,Electronics,271,353,T,0.15,0
688,Compass Geometry Metal,Office,1009,327,D,0,0.04
689,Women's High Waist Leggings Black,Clothing,1160,66,T,0.15,0
690,File Folder Letter Size 25ct,Office,1716,484,D,0,0.2
691,Fishing Lures Kit 50pcs,Sports,152,33,T,0.15,0
692,Yoyo Professional Responsive,Toys,816,485,D,0,0.02
693,Bouncy Inflatable Unicorn,Toys,1623,190,D,0,0.02
694,Router Wi-Fi 6,Electronics,844,179,D,0,0.09
695,Goodnight Moon Board Book,Books,1620,238,D,0,0.09
696,Pull Buoy Swim Aid,Sports,1301,434,T,0.15,0
697,Toner Rosewater Mist,Beauty,602,436,T,0.15,0
698,"Torque Wrench 1/2"" Drive",Automotive,1369,66,D,0,0.19
699,Storage Ottoman Faux Leather,Home,1919,267,D,0,0.11
700,Sticky Notes 3x3 12 Pads,Office,191,157,D,0,0.14
701,Toy Organizer Bin Storage,Toys,1758,302,D,0,0.16
702,Cold Frame Polycarbonate,Garden,114,332,D,0,0.1
703,Sunshade Windshield Foldable,Automotive,669,324,D,0,0.1
704,Toe Separators Foam 10pc,Beauty,500,1,D,0,0.04
705,Whistle Coach Metal,Sports,1211,491,T,0.15,0
706,Becoming Nicole,Books,1491,449,D,0,0.06
707,"Kids Tablet 7""",Electronics,957,71,D,0,0.15
708,Blood Meal 5lb,Garden,738,474,D,0,0.18
709,"Dry Erase Board 24""x36""",Office,1237,378,D,0,0.03
710,Squat Rack Power Cage,Sports,1470,283,D,0,0.12
711,Desk Name Plate Acrylic,Office,277,232,T,0.15,0
712,Stuffed Animal Elephant,Toys,1337,89,D,0,0.09
713,Satin Pillowcase Anti Wrinkle,Beauty,1705,29,D,0,0.19
714,Security Cable Slot Lock,Office,650,415,D,0,0.13
715,Wax Strips Hard Wax 20ct,Beauty,1539,340,T,0.15,0
716,Steering Wheel Cover Leather,Automotive,467,276,T,0.15,0
717,Hooded Sweatshirt Gray,Clothing,1043,123,D,0,0.03
718,Insecticidal Soap Ready to Use 32oz,Garden,1596,441,D,0,0.17
719,Body Lotion Coconut Scent,Beauty,923,115,D,0,0.1
720,Surge Protector Power Strip,Electronics,1057,114,D,0,0.12
721,Sharpener Manual Double Hole,Office,179,348,T,0.15,0
722,Foundation Liquid Dewy Finish,Beauty,1282,499,D,0,0.13
723,Congo Vintage,Books,190,332,T,0.15,0
724,"Planter Self Watering 10""",Garden,1006,41,D,0,0.02
725,Heart Rate Monitor Chest Strap,Sports,307,492,T,0.15,0
726,Binder Clips Assorted Sizes 60ct,Office,1961,300,T,0.15,0
727,Nail Strengthener Hardener,Beauty,542,60,D,0,0.08
728,Cable Clips Adhesive 20ct,Office,1930,257,T,0.15,0
729,Elbow Compression Sleeve,Sports,1463,32,D,0,0.18
730,Action Camera Waterproof Case,Electronics,612,191,T,0.15,0
731,"Binder 3-Ring 1"" Clear View",Office,1164,117,D,0,0.11
732,Scarf Cashmere Blend,Clothing,485,477,D,0,0.1
733,"Soil Sieve 1/4"" Mesh 12""",Garden,336,259,T,0.15,0
734,Garlic Powder 3oz,Perishables,144,261,S,0,0
735,Scan Tool Professional,Automotive,1922,478,D,0,0.13
736,Lord of the Flies Educational,Books,827,266,D,0,0.2
737,First Aid Kit Car,Automotive,386,23,D,0,0.18
738,Crime and Punishment Translation,Books,887,435,T,0.15,0
739,Play Tent Castle Pop Up,Toys,1471,79,D,0,0.19
740,Sea Salt Fine Grind,Perishables,199,89,S,0,0
741,Bobby Pins Brown 50ct,Beauty,924,28,D,0,0.06
742,Telescope 50mm,Toys,1486,10,D,0,0.05
743,Magnetic Pickup Tool,Automotive,1802,415,D,0,0.19
744,First Aid Kit 100 Pieces,Sports,1041,259,D,0,0.08
745,Dish Drying Mat Microfiber,Home,1084,134,T,0.15,0
746,Eraser White Hi-Polymer 4ct,Office,1118,214,T,0.15,0
747,Seat Cover Neoprene Front,Automotive,1169,417,T,0.15,0
748,Photo Corners Self Adhesive 200ct,Office,443,59,D,0,0.14
749,Kettlebell Cast Iron 35lb,Sports,1440,76,D,0,0.12
750,Pencil Lead 0.5mm HB 30ct,Office,1755,437,T,0.15,0
751,Coconut Milk Canned 13.5oz,Perishables,1045,190,S,0,0
752,Under Desk Cycle,Sports,832,161,D,0,0.03
753,Socket Set 45pc,Automotive,557,421,T,0.15,0
754,Edger Blade Half Moon,Garden,1893,440,T,0.15,0
755,Trash Can Lid Sensor 13 Gal,Home,299,19,D,0,0.02
756,Toy Telescope 15x,Toys,324,363,D,0,0.16
757,Just Mercy Movie Tie-In,Books,1918,449,T,0.15,0
758,"Paper Trimmer 12"" Guillotine",Office,893,414,T,0.15,0
759,Hand Cream Shea Butter,Beauty,1211,243,D,0,0.2
760,Moss Pole for Climbing Plants,Garden,1239,305,T,0.15,0
761,Crayons 64 Count,Toys,571,90,D,0,0.1
762,Cable Management Tray,Office,1113,36,D,0,0.16
763,Belt Bag Fanny Pack,Clothing,399,317,D,0,0.17
764,Salsa Medium 16oz,Perishables,1725,27,S,0,0
765,Propagation Station Glass Vase,Garden,1777,126,D,0,0.14
766,Hair Serum Anti-Frizz,Beauty,826,18,T,0.15,0
767,Over-Ear Studio Headphones,Electronics,262,213,D,0,0.12
768,Lip Balm SPF 15,Sports,945,381,D,0,0.1
769,Car Battery 12V 600CCA,Automotive,540,406,T,0.15,0
770,Staple Remover Jaw,Office,798,194,T,0.15,0
771,Multitool 18-in-1,Sports,1876,229,T,0.15,0
772,"Alloy Wheel Rim 18""",Automotive,1881,340,D,0,0.1
773,Fish Emulsion 32oz,Garden,670,120,T,0.15,0
774,Base Coat Top Coat Set,Beauty,1370,122,T,0.15,0
775,Lifting Straps Cotton,Sports,1394,216,T,0.15,0
776,Glow Sticks 100ct,Toys,1601,430,D,0,0.09
777,Leather Belt Brown,Clothing,1602,345,T,0.15,0
778,Circe Bestseller,Books,1484,421,D,0,0.11
779,Vegetable Broth Low Sodium,Perishables,266,385,S,0,0
780,Body Wash Hydrating Gel,Beauty,1570,127,T,0.15,0
781,Nail Stickers Floral 20 designs,Beauty,418,76,T,0.15,0
782,Play Food Kitchen Set,Toys,1975,205,D,0,0.07
783,Women's Blouse Silk Chiffon,Clothing,316,69,D,0,0.11
784,Antiperspirant Stick Invisible Solid,Beauty,1674,415,T,0.15,0
785,Neck Gaiter UV Protection,Clothing,1127,351,T,0.15,0
786,Headboard Upholstered Tufted,Home,542,244,T,0.15,0
787,The Great Gatsby Hardcover,Books,1775,256,T,0.15,0
788,Wrist Strap Yoga,Sports,1245,419,D,0,0.18
789,Straight Bar Curl,Sports,197,99,T,0.15,0
790,Duffel Bag Gym Large,Clothing,398,461,D,0,0.02
791,The Wild Robot Protects,Books,923,9,D,0,0.09
792,Bed Skirt Ruffled,Home,1713,344,D,0,0.01
793,Plant Light LED Full Spectrum,Garden,1008,145,T,0.15,0
794,Microphone for PC Gaming,Electronics,752,234,D,0,0.05
795,Air Plant Holder Driftwood,Garden,1290,487,T,0.15,0
796,Leaf Shine Spray 12oz,Garden,1022,123,T,0.15,0
797,Wheel Hub Bearing Assembly,Automotive,1674,168,T,0.15,0
798,Broccoli Florets Frozen,Perishables,1241,63,S,0,0
799,Doctor Kit Stethoscope,Toys,200,476,T,0.15,0
800,Lip Liner Pencil Nude,Beauty,1701,300,D,0,0.16
801,Wireless Optical Mouse,Electronics,883,40,T,0.15,0
802,The Andromeda Strain Classic,Books,1797,270,D,0,0.17
803,Sway Bar Link Kit,Automotive,937,275,T,0.15,0
804,Cotton Crewneck T-Shirt White,Clothing,1280,256,D,0,0.06
805,Drawer Organizer Expandable,Home,1697,2,D,0,0.02
806,Vacuum Cleaner Bagless,Home,1719,73,D,0,0.15
807,Chino Pants Khaki,Clothing,1556,329,T,0.15,0
808,Dry Sack Waterproof 20L,Sports,1619,151,D,0,0.11
809,"Cutting Mat Self Healing 12""x18""",Office,296,421,T,0.15,0
810,Ankle Weights 5lb Pair,Sports,1131,33,D,0,0.15
811,Dune Movie Tie-In,Books,874,435,D,0,0.02
812,Duster Extendable Feather,Home,991,96,D,0,0.03
813,Desk Folding Portable,Home,267,237,D,0,0.13
814,Laptop Stand Foldable Aluminum,Office,1410,254,D,0,0.08
815,Pimple Patches Hydrocolloid 36ct,Beauty,1117,408,T,0.15,0
816,The Rainbow Fish,Books,1346,129,D,0,0.06
817,Walnuts Raw Halves,Perishables,910,484,S,0,0
818,Axle Shaft CV,Automotive,1867,188,D,0,0.08
819,Razor 5 Blade with Lubrication,Beauty,1281,33,T,0.15,0
820,Magnifying Glass 3x,Toys,149,112,T,0.15,0
821,Windshield Washer Fluid -20°F,Automotive,102,164,D,0,0.04
822,Sidewalk Chalk 48pc,Toys,1893,499,T,0.15,0
823,Key Tags Plastic 100ct,Office,1857,404,T,0.15,0
824,Webcam with Microphone,Electronics,1132,135,T,0.15,0
825,Fly Box Foam,Sports,431,380,D,0,0.1
826,Compost Pail Stainless 1 Gallon,Garden,1003,34,D,0,0.11
827,Shift Knob Weighted,Automotive,1156,55,T,0.15,0
828,Corn Kernels Sweet,Perishables,1044,480,S,0,0
829,Knee Sleeves Neoprene Pair,Sports,1470,351,D,0,0.16
830,Rabbit Repellent Spray 24oz,Garden,363,251,T,0.15,0
831,One-Piece Swimsuit Navy,Clothing,1627,213,D,0,0.13
832,Cotton Towel Set 6-Piece,Home,117,143,T,0.15,0
833,4K Action Camera,Electronics,1476,481,D,0,0.02
834,Hair Mask Deep Conditioning,Beauty,1112,79,T,0.15,0
835,Jack Stands 6 Ton Pair,Automotive,485,46,T,0.15,0
836,"Terracotta Pot 6"" 5pk",Garden,1799,162,T,0.15,0
837,Spatula Silicone Heat Resistant,Home,405,443,T,0.15,0
838,Rosemary Dried 0.5oz,Perishables,1821,231,S,0,0
839,Moisture Meter 3-in-1,Garden,360,76,T,0.15,0
840,Sandals Arch Support Brown,Clothing,491,284,D,0,0.1
841,Pax Journey Home,Books,927,288,D,0,0.06
842,Pasta Sauce Mushroom,Perishables,1092,386,S,0,0
843,The Lion Witch Wardrobe,Books,1672,149,D,0,0.05
844,Signature Stamp Self Inking,Office,959,184,T,0.15,0
845,Yoga Block Foam,Sports,1379,361,T,0.15,0
846,Bubble Gun Battery Operated,Toys,1054,65,D,0,0.18
847,A-Line Skirt Corduroy,Clothing,448,139,D,0,0.11
848,21 Lessons for 21st Century,Books,1575,143,T,0.15,0
849,Clicker Wireless Presenter,Office,772,296,D,0,0.11
850,Laminator Pouch 9x11.5 100ct,Office,1468,93,D,0,0.12
851,Eyeshadow Palette Neutral 12 Pan,Beauty,1415,29,D,0,0.18
852,Winter Boots Faux Fur Lined,Clothing,361,380,T,0.15,0
853,Spreader Broadcast Handheld,Garden,1300,215,D,0,0.02
854,Balsamic Vinegar Glass Bottle,Perishables,1432,308,S,0,0
855,"Tape Dispenser Weighted 1""",Office,556,471,T,0.15,0
856,Tortillas Corn Soft 8ct,Perishables,663,371,S,0,0
857,Check Writer Electronic,Office,1115,257,D,0,0.11
858,Garden Trowel Stainless Steel,Garden,1516,33,T,0.15,0
859,Code Reader OBD2,Automotive,1492,271,D,0,0.18
860,Exercise Bike Stationary,Sports,477,115,D,0,0.11
861,Seed Starting Tray 72 Cell,Garden,423,486,T,0.15,0
862,Gender Queer Memoir,Books,1358,157,T,0.15,0
863,Marinara Sauce 25oz,Perishables,1969,463,S,0,0
864,"Ultra HD Smart TV 55""",Electronics,198,434,D,0,0.1
865,Wireless Keyboard and Mouse Combo,Electronics,1406,357,D,0,0.04
866,Portable DVD Player,Electronics,808,398,D,0,0.11
867,Pencil Case Canvas Zipper,Office,1844,257,T,0.15,0
868,Corner Stapler for Booklets,Office,782,441,D,0,0.15
869,External SSD 1TB,Electronics,1595,385,T,0.15,0
870,Cart AV Rolling with Shelf,Office,1130,24,T,0.15,0
871,Leaf Scoop Pair,Garden,1715,65,D,0,0.05
872,Microscope 40x-1000x,Toys,901,424,D,0,0.09
873,Car Carrying Case,Toys,504,61,T,0.15,0
874,Building Blocks Set 500pcs,Toys,1199,295,T,0.15,0
875,Epoxy Syringe 5 Minute,Office,1553,459,D,0,0.07
876,Self Tanner Lotion Medium,Beauty,355,208,D,0,0.02
877,Hair Brush Detangling,Beauty,1078,57,T,0.15,0
878,Camisole Lace Trim,Clothing,1905,277,D,0,0.05
879,Yoga Pants with Pocket,Clothing,670,422,T,0.15,0
880,Body Oil Jasmine,Beauty,1625,256,D,0,0.08
881,Mixed Berries Frozen 12oz,Perishables,479,212,S,0,0
882,"Trimmer Thread Snips 4""",Office,157,464,D,0,0.07
883,"Desk Calendar 2026 15""x12""",Office,1436,151,T,0.15,0
884,"Mower Cordless Electric 16""",Garden,498,331,D,0,0.14
885,Eraser Cap Pencil 36ct,Office,992,352,D,0,0.2
886,Hydration Pack 2L,Sports,1469,466,T,0.15,0
887,Makeup Remover Wipes 30ct,Beauty,1340,123,T,0.15,0
888,Calculator Desktop Dual Power,Office,1932,88,T,0.15,0
889,Hand Grips Strengthener,Sports,1869,258,D,0,0.13
890,Scanner Document Feeder,Office,1012,132,T,0.15,0
891,Name Tag Pin Style 25ct,Office,1226,396,T,0.15,0
892,Dress Shirt Oxford White,Clothing,1434,346,T,0.15,0
893,Hair Clips Set 6pc,Beauty,1323,451,D,0,0.03
894,Air Fryer 5.8QT,Home,975,49,D,0,0.19
895,Dry Shampoo Dark Tones,Beauty,1759,406,T,0.15,0
896,V-Handle Row,Sports,777,434,T,0.15,0
897,Atomic Habits Practical,Books,1021,220,D,0,0.18
898,Survival Knife Fixed Blade,Sports,225,257,T,0.15,0
899,Hiking Poles Pair,Sports,1439,419,D,0,0.18
900,Lipstick Matte Red Velvet,Beauty,1549,396,T,0.15,0
901,Hammer Ball Peen 16oz,Automotive,1635,337,D,0,0.15
902,Rubber Duck Bath Set,Toys,1279,478,T,0.15,0
903,Vertical Garden Wall Planter 4 Pocket,Garden,1753,142,D,0,0.15
904,Projector 1080p HD,Electronics,873,58,T,0.15,0
905,Skorts Active Pleated,Clothing,1224,145,T,0.15,0
906,Air Layering Pods 5ct,Garden,1354,75,T,0.15,0
907,Car FM Transmitter,Electronics,1062,83,D,0,0.07
908,"Fillet Knife 6""",Sports,600,117,D,0,0.18
909,Gymnastics Rings Wooden,Sports,1680,360,T,0.15,0
910,Anti Glare Screen Protector,Office,775,104,D,0,0.18
911,Scooter Bell Bicycle,Toys,1910,79,D,0,0.1
912,Skipping Rope Digital Counter,Sports,1504,145,T,0.15,0
913,Starter Motor Reman,Automotive,768,375,D,0,0.04
914,Bug Deflector Clear,Automotive,308,60,T,0.15,0
915,Where the Sidewalk Ends,Books,914,28,T,0.15,0
916,"Tree Wrap 2"" x 50ft",Garden,1343,44,T,0.15,0
917,Pen Case Leather 12 Slot,Office,1325,204,D,0,0.11
918,Hoodie Pullover Oversized,Clothing,266,458,T,0.15,0
919,Drum Set Toy Light Up,Toys,869,467,D,0,0.09
920,Sofia Valdez Future Prez,Books,633,451,D,0,0.16
921,Watchmen Deluxe,Books,527,403,T,0.15,0
922,Flashlight LED Rechargeable,Automotive,1865,1,T,0.15,0
923,Compost Aerator Tool,Garden,890,74,D,0,0.1
924,Hummus Classic 10oz,Perishables,570,276,S,0,0
925,Wheelbarrow Steel Tray 6 cu ft,Garden,1755,228,D,0,0.19
926,Timer Gym Interval,Sports,1931,496,T,0.15,0
927,License Plate Light LED,Automotive,756,354,D,0,0.18
928,Sardines in Olive Oil,Perishables,387,112,S,0,0
929,Mat Sling Carrier,Sports,1145,499,T,0.15,0
930,Harry Potter Half-Blood Prince,Books,305,406,T,0.15,0
931,True Wireless Earbuds,Electronics,1096,345,D,0,0.09
932,Love You Forever Paperback,Books,1874,483,T,0.15,0
933,Resistance Loop Bands,Sports,1188,484,T,0.15,0
934,Weed Torch Propane,Garden,1630,134,T,0.15,0
935,Coat Rack Tree Wooden,Home,1155,347,T,0.15,0
936,To Kill a Mockingbird Paperback,Books,426,139,T,0.15,0
937,Letter Opener Safety Knife,Office,766,104,D,0,0.19
938,Microfiber Cleaning Cloth 12-Pack,Home,1824,331,T,0.15,0
939,Office Chair Ergonomic Mesh Black,Office,642,250,D,0,0.08
940,"Padlock Combination 1-3/4""",Office,817,465,D,0,0.19
941,Denim Jacket Blue,Clothing,1763,243,D,0,0.08
942,Epsom Salt Garden 3lb,Garden,961,77,D,0,0.09
943,Conditioner Repair Damage,Beauty,1242,153,T,0.15,0
944,Thermal Underwear Set,Clothing,1188,50,T,0.15,0
945,Tool Chest Rolling 5 Drawer,Automotive,1916,380,D,0,0.03
946,Colored Pencils 36 Pack,Toys,1208,79,D,0,0.17
947,Planner Weekly Monthly 2026,Office,1421,26,D,0,0.07
948,Weed Barrier Fabric 4ft x 100ft,Garden,973,14,T,0.15,0
949,"Skateboard Mini 22""",Toys,1217,400,D,0,0.18
950,Extra Virgin Olive Oil 500ml,Perishables,1669,242,S,0,0
951,Air Purifier for Home,Home,1717,277,D,0,0.2
952,Slime Unicorn Scented,Toys,1645,405,D,0,0.07
953,Perlite 2qt,Garden,1312,119,T,0.15,0
954,Yoga Strap Cotton 8ft,Sports,1813,41,D,0,0.13
955,"Exercise Mat TPE 1/2""",Sports,1120,396,D,0,0.09
956,Toaster 2 Slice,Home,1457,247,D,0,0.12
957,"Running Shorts 5"" Inseam",Clothing,1231,489,T,0.15,0
958,Hair Rollers Velcro 12pc,Beauty,889,439,T,0.15,0
959,Date Stamp Reversible,Office,1010,290,T,0.15,0
960,Beef Jerky Original,Perishables,1410,485,S,0,0
961,Cooler Backpack 30 Can,Sports,1923,335,T,0.15,0
962,Paint Marker Oil Based White 3pk,Office,977,402,T,0.15,0
963,Vermiculite Fine 4qt,Garden,1088,134,T,0.15,0
964,Leaf Spring Helper,Automotive,661,310,D,0,0.12
965,Electric Pressure Washer,Home,1019,46,T,0.15,0
966,Pen Ballpoint Black 12pk,Office,1465,196,T,0.15,0
967,Rain Barrel 50 Gallon,Garden,654,92,T,0.15,0
968,Facial Razor Dermaplane 3ct,Beauty,941,315,T,0.15,0
969,Leggings Fleece Lined,Clothing,351,212,D,0,0.17
970,Sulfur Fungicide Dust 1lb,Garden,895,204,T,0.15,0
971,Battery Charger Maintainer,Automotive,937,337,T,0.15,0
972,Tea Set Ceramic 14pc,Toys,826,60,D,0,0.14
973,Cashews Unsalted,Perishables,530,162,S,0,0
974,Card Game Family,Toys,908,6,D,0,0.15
975,Where the Crawdads Sing,Books,1599,61,T,0.15,0
976,Basmati Rice 5lb,Perishables,768,229,S,0,0
977,Inkjet Printer All-in-One,Office,1105,184,T,0.15,0
978,Song of Achilles Paperback,Books,894,286,D,0,0.17
979,Mechanical Pencil 0.7mm 2pk,Office,275,362,T,0.15,0
980,Fahrenheit 451 Anniversary,Books,1691,397,T,0.15,0
981,Blush Powder Rose,Beauty,1104,266,D,0,0.17
982,Capri Pants Rolled Hem,Clothing,723,198,D,0,0.2
983,Green Tea Matcha Powder,Perishables,1789,257,S,0,0
984,Dry Erase Markers 4 Pack Black,Office,1646,370,T,0.15,0
985,Snorkel Dry Top,Sports,895,76,D,0,0.15
986,Webcam 1080p with Privacy Shutter,Office,381,86,T,0.15,0
987,Tank Top Ribbed Black,Clothing,223,87,D,0,0.07
988,Tarp Heavy Duty 10x10,Sports,931,363,D,0,0.07
989,Becoming Supernatural,Books,1213,267,D,0,0.17
990,Cultivator Hand 3 Prong,Garden,112,275,D,0,0.17
991,Candle Soy Lavender 9oz,Beauty,1833,486,T,0.15,0
992,365 Days of Wonder,Books,1810,312,D,0,0.14
993,"Pointer Telescoping 24""",Office,1775,475,D,0,0.12
994,Action Hoe Scuffle,Garden,1203,146,D,0,0.01
995,Bird Netting 28ft x 28ft,Garden,1605,441,D,0,0.17
996,"Rain Gauge 5""",Garden,136,279,T,0.15,0
997,Granola Bars Peanut Butter,Perishables,1956,22,S,0,0
998,"Shelf Liner Grip 12""x10'",Home,1846,9,D,0,0.12
999,Brush Cleaner Silicone Pad,Beauty,1432,269,T,0.15,0
1000,AeroBlade Mouse,Electronics,641,180,T,0.15,0
1001,11,Electronics,11,11,S,0,0
